district_name,hindi_name,common_variants,notes
Agar Malwa,आगर मालवा,agar;agar malwa;aagar,
Alirajpur,अलीराजपुर,alirajpur;ali rajpur,
Anuppur,अनूपपुर,anuppur;anupur,
Ashoknagar,अशोकनगर,ashoknagar;ashok nagar,
Balaghat,बालाघाट,balaghat;bala ghat,
Barwani,बड़वानी,barwani;badwani,
Betul,बैतूल,betul;baitul,
Bhind,भिंड,bhind,
Bhopal,भोपाल,bhopal;bhopaal,capital city
Burhanpur,बुरहानपुर,burhanpur;burhan pur,
Chhatarpur,छतरपुर,chhatarpur;chattarpur;chatarpur,
Chhindwara,छिंदवाड़ा,chhindwara;chindwara,
Damoh,दमोह,damoh,
Datia,दतिया,datia,
Dewas,देवास,dewas;devas,
Dhar,धार,dhar,
Dindori,डिंडोरी,dindori,
Guna,गुना,guna,
Gwalior,ग्वालियर,gwalior;gwaliyor,
Harda,हरदा,harda,
Indore,इंदौर,indore;indor;indaur,largest city; most populous district
Jabalpur,जबलपुर,jabalpur;jabbalpur,
Jhabua,झाबुआ,jhabua,
Katni,कटनी,katni,
Khandwa,खंडवा,khandwa,
Khargone,खरगोन,khargone;khargon,
Mandla,मंडला,mandla,
Mandsaur,मंदसौर,mandsaur;mandsore,
Maihar,मैहर,maihar,newer district, formerly part of Satna
Mauganj,मऊगंज,mauganj,newer district, formerly part of Rewa
Morena,मुरैना,morena;murena,
Narmadapuram,नर्मदापुरम,narmadapuram;hoshangabad,formerly Hoshangabad, renamed
Narsinghpur,नरसिंहपुर,narsinghpur;narsimhapur,
Neemuch,नीमच,neemuch;nimach,
Niwari,निवाड़ी,niwari,newer district, formerly part of Tikamgarh
Panna,पन्ना,panna,
Pandhurna,पांढुर्ना,pandhurna,newer district, formerly part of Chhindwara
Raisen,रायसेन,raisen,
Rajgarh,राजगढ़,rajgarh,
Ratlam,रतलाम,ratlam,
Rewa,रीवा,rewa;riwa,
Sagar,सागर,sagar,
Satna,सतना,satna,
Sehore,सीहोर,sehore;seehore,
Seoni,सिवनी,seoni;sivni,
Shahdol,शहडोल,shahdol,
Shajapur,शाजापुर,shajapur,
Sheopur,श्योपुर,sheopur;sheopur,
Shivpuri,शिवपुरी,shivpuri;shivpur,
Sidhi,सीधी,sidhi,
Singrauli,सिंगरौली,singrauli,
Tikamgarh,टीकमगढ़,tikamgarh,
Ujjain,उज्जैन,ujjain;ujjain,
Umaria,उमरिया,umaria,
Vidisha,विदिशा,vidisha,
